y_true,prob_Classical_12,prob_Residual_Hybrid_V12
0,0.016053043162247982,0.02153312271852441
0,0.016479791877109573,0.022063355629273314
0,0.016604958913901232,0.022216167306154732
0,0.0097096457697191,0.013543080876101874
0,0.010444438311782938,0.014484105182740032
0,0.017700657864624856,0.023558800578504662
0,0.01629770586978948,0.021836125363811878
0,0.011567494540735346,0.015918019528542535
0,0.013570372086343081,0.018447458692626338
1,0.8386390133639071,0.8214359731829253
0,0.036120258350198435,0.04541027102736767
0,0.01623256335220035,0.02175830471424834
0,0.010673298670604323,0.014782999709916412
0,0.04257169933161452,0.05280058826802051
0,0.012182815627869752,0.016697188249658323
0,0.011207040381315224,0.015459680399109357
0,0.013298851356587234,0.01810613723433065
0,0.012051881684418068,0.016530883770114274
0,0.013658215337194411,0.01855433990088705
0,0.029385832151068592,0.037574891042055615
0,0.01086248048160707,0.01501896722828237
1,0.8813252667535746,0.8653843967968423
0,0.010930929374014698,0.015108323489403675
0,0.012849833592394277,0.017537371580230686
0,0.013132252790165081,0.017893999007651058
0,0.01764434090597397,0.02349374037513058
0,0.012779279911164794,0.017448945398178865
0,0.0119747839391552,0.016436577460243514
0,0.013151650269481086,0.01791505529589208
0,0.012660014995744743,0.01730097860990654
0,0.014291012793975677,0.019346279456804935
0,0.02116506264596775,0.027776117730177664
1,0.8970007015079624,0.8818928156400174
0,0.0810839348283276,0.09510864702207816
0,0.011796093718173858,0.016209387803290353
0,0.012551598068369996,0.017162658977655884
0,0.011853348135905255,0.016277796480127456
0,0.019271263666892424,0.02549123233377533
1,0.9811230620240089,0.9750349357347393
0,0.015934850131844543,0.021388451799534802
0,0.013308606081697344,0.01811495278409096
0,0.01368983009971996,0.018596178827605177
0,0.01592894661431502,0.021377713232784076
0,0.012733799294751819,0.017393253619691445
1,0.999996456256866,0.9999911767868768
0,0.012110955222847481,0.016606135589477523
1,0.8199563483074174,0.8033225553031904
0,0.013955488217051183,0.018923078516939244
0,0.014133890254572868,0.019148023601286146
0,0.010886838576754604,0.015054131176986736
0,0.014236404107857122,0.01927716627821781
0,0.010378218463485274,0.014400300753056552
0,0.024013975882040288,0.031203051360551643
0,0.016828980806171664,0.022489162061649817
0,0.018580792658199667,0.024633731512337442
0,0.016331450914698075,0.02187765320422405
0,0.013228954915931537,0.018016469825438416
0,0.011657738846441416,0.016038343097977588
0,0.03767878510511941,0.04721281317365562
0,0.012433926343416753,0.017018172769346154
0,0.017322510563410838,0.023105935953963902
0,0.015322271318513311,0.020628604740090865
0,0.05661028532348048,0.06854654722933791
0,0.0189501578928925,0.025092612013614797
0,0.014183629950381641,0.019208274454778653
0,0.010276351547446853,0.014268268348407127
1,0.011180461446142952,0.01542501348710108
0,0.014491284907890846,0.01959693334082505
0,0.012127437688514646,0.016629672680332844
0,0.017191492362407086,0.02294088552105505
0,0.013398109630276614,0.018226172273694136
0,0.011544790372478018,0.015890664735158735
0,0.012033172084622143,0.016507552023404454
0,0.012025194540550808,0.016502452679823577
0,0.0116618481324189,0.01603643459146877
1,0.7745186559794699,0.7588079124392159
0,0.01100005515253321,0.015198165797158217
0,0.01522571583523711,0.020511872264160066
0,0.01345276215451683,0.01829395886164955
0,0.012477743327384586,0.01706915517474079
0,0.013136249080715843,0.01789730049481333
0,0.012645309256019508,0.017279714763094284
1,0.7965349762132925,0.7802787314734986
0,0.017769567337129692,0.023637995368842077
0,0.011734388753998183,0.016127966435011378
0,0.012828334327910314,0.01751309753293486
0,0.011529097730659852,0.015871999926056698
0,0.012590549897229748,0.01720920379883065
0,0.030998822259466687,0.039466782500700986
0,0.011657870236668446,0.016033069845136052
0,0.02783362902982432,0.03574620981822492
0,0.011352896182567402,0.015641516523927517
0,0.010345776098423748,0.014361126511370892
0,0.013943525034677804,0.018912325189170773
0,0.011482627231440768,0.015811146570684234
0,0.010180032980570507,0.014148821032730208
0,0.01035198446995461,0.014368499928453583
1,0.8038863769760052,0.7873027214820338
0,0.015342347441799051,0.02066510639821529
1,0.7711262066155469,0.7553367652094248
0,0.014792727162363597,0.01997590462633397
0,0.014826922810066902,0.02001268784638346
0,0.014258209438155782,0.01930239490682738
0,0.014819293716374806,0.02000970217257482
0,0.013469861303708558,0.018315882740469754
0,0.010816507079309179,0.01496142187162319
0,0.016066988096765975,0.02155242053605009
0,0.016283070926140793,0.02182274936940809
0,0.015299737081629376,0.020599041490224637
0,0.011123551360206964,0.015350342252693721
1,0.7738849214172892,0.7583508585474142
0,0.014917188589525345,0.02013052212513924
0,0.012416314422248855,0.0169914534158853
0,0.0135213106892329,0.01838050633156135
0,0.01086905706619158,0.015026524418380469
0,0.011049325797575268,0.0152598649466233
1,0.7720989618192347,0.7558488264139336
0,0.01165214403052895,0.016021139997825402
0,0.010561111306998147,0.014635727442905293
0,0.01276646019192711,0.017434261815552726
0,0.022223168629887605,0.029061566510759473
0,0.010954111478361417,0.015138564342632064
0,0.012429027646111672,0.017008384688457376
0,0.012351290891720898,0.01690969063448805
1,0.01179845106033301,0.01621189024753204
0,0.015021288245014761,0.020253603324427657
0,0.013974492181372717,0.018950654375609163
0,0.011559996831447213,0.015910916869588
0,0.011819173140305507,0.01623485225707683
0,0.012053398840853593,0.016535456307826952
0,0.011940851867132566,0.01639418437858745
0,0.012804181209220864,0.017481238833816408
0,0.015322785648915767,0.020629839092283463
0,0.013176655978594565,0.017948569366599606
0,0.01722886409634643,0.02299150979865683
1,0.016599544563793842,0.02220951422903034
0,0.014511845855037234,0.019622859949152006
0,0.011681216988439857,0.016067712912600552
0,0.010908839492757874,0.015080144746550167
0,0.014110414175661059,0.019115798872090445
0,0.01789443682631351,0.023800692072665556
0,0.011515113908324106,0.01585507725806201
0,0.013390231864593278,0.018219664720948905
1,0.8812592356910421,0.8647569536905761
0,0.026767492913641177,0.034480463242183026
0,0.011837270145384448,0.01625885101606892
0,0.018281769958696844,0.024278818790515466
0,0.012807843663360446,0.017484278970314016
0,0.015339538501446133,0.02065753662698974
0,0.09034869346041707,0.10505646352096756
0,0.013211374308420428,0.017994383942630227
0,0.012106651487841852,0.01660478445626627
0,0.0111710869780398,0.015413897604672815
0,0.012520996552948268,0.017125780880062894
0,0.012289954930139601,0.016831788189422405
0,0.01651069823859811,0.022098757918730085
0,0.015983820355968688,0.02144412689216032
0,0.010984655064814056,0.01517580113399601
0,0.015362015808242327,0.020676323902611236
0,0.010499703299155247,0.014556928204060682
0,0.013923931013142848,0.01888995746094471
0,0.01619049447081024,0.021700646831340053
0,0.015287835436687207,0.02058571736746298
0,0.04688767242150255,0.057699203592591994
0,0.010428298635704915,0.014466350548242265
0,0.011237090255841308,0.01549524615149131
0,0.010548495653381024,0.014619401529608028
0,0.01378063608994611,0.018705208042732242
0,0.011646508981689691,0.016017074233103733
0,0.01616275781787073,0.021666404960547978
0,0.020512763310638907,0.026995805863239252
0,0.013122866995479562,0.017879408484068725
0,0.016650537368284354,0.02227185411580385
0,0.018861715055702145,0.024982951778175857
0,0.012827000677616402,0.017513938947260638
0,0.012522362557471292,0.01712589714864524
0,0.029383897591579233,0.03756873008465401
0,0.7696782581967336,0.7533958915342361
0,0.01258225191213434,0.017206387337627537
0,0.014727312054985689,0.019886904329286595
0,0.01938706292010234,0.025628595467815537
0,0.01174481163052734,0.016145231045401696
0,0.8319340985538591,0.8154252264561919
0,0.01603330929118091,0.0215109853592427
0,0.02362402595316968,0.030731598065153645
0,0.011798129486158443,0.016209741676912862
0,0.009974158349951679,0.013881324381867448
0,0.017635439622724992,0.02348248223652783
0,0.011716303642363092,0.01610638352120209
0,0.012628249079268275,0.017256946635105627
0,0.014724879218477566,0.01988606361880955
0,0.014979443555715198,0.020201820313100475
0,0.011995981515179,0.01646379666051982
0,0.11437883419434937,0.13027204258631836
0,0.021088434708124448,0.027686441971398603
0,0.009625043397273611,0.013432188816630428
0,0.012686414828075912,0.01733276513276472
0,0.011160903152892886,0.015401869681830414
0,0.013044021756386855,0.017780274546780897
0,0.012686198176356413,0.017330935170356634
0,0.016570005936551006,0.0221784571377143
0,0.01230206505962698,0.016844107525295703
0,0.011490291437040188,0.015821063538280146
0,0.025814224808395774,0.03335231076442348
0,0.20638795324389156,0.22272761037652464
0,0.013568183027294328,0.018438425904199727
0,0.012219163685393162,0.016746425585544414
0,0.013070938310286247,0.017822222721718392
0,0.014509516757709907,0.01962493153518367
0,0.02009827393541857,0.026494214994673727
0,0.010976115903054808,0.015162945976307202
0,0.013993735710034576,0.018979995862102812
0,0.013708600296365397,0.018617224911759794
0,0.01553429460384462,0.02088903485512029
0,0.012235192952069943,0.016760792152100454
0,0.016634263105544545,0.022257792826840827
0,0.011034189519903084,0.015241343189695705
0,0.01207672720604273,0.016563831909290665
0,0.011711214590876987,0.01609766895092759
1,0.7717988683447148,0.7560815118485784
0,0.009564394402757474,0.013356855105177041
0,0.013347935056238465,0.01816936002882128
0,0.013182357638729533,0.01796060410256283
0,0.011450833665083511,0.015768833327700776
0,0.011485981209209085,0.015812462729560932
0,0.013378330721361213,0.01820170412768219
0,0.01353045712882891,0.018392367182371697
0,0.011012120084610446,0.015212466193724765
0,0.013928826097137826,0.01889240654925981
0,0.012669657442397607,0.017312163488309273
0,0.03124493939115978,0.03975173974802227
0,0.014203326231578516,0.019242150535814916
0,0.013648199409882988,0.018542395295469256
0,0.01211153563605657,0.016608132724389914
0,0.017154893097287835,0.02289032244216281
0,0.01130590528900067,0.015583158050085385
1,0.7711262172846229,0.7553213617524671
0,0.014592973323119264,0.01972373772143854
0,0.011458675744999872,0.01577861547840427
0,0.011292239847335473,0.015568599152677958
0,0.012701649872092722,0.01735497578474993
0,0.7613076729352962,0.7453426258163268
0,0.02891769799166162,0.037013300359071334
0,0.013398779399856613,0.01823280826851627
0,0.01650159002261058,0.022082950739568775
0,0.011560822887940091,0.015910059121395193
0,0.014538390475226325,0.019653835309938514
0,0.011003747317398125,0.015203117965365836
0,0.896322419285648,0.8805865220588674
0,0.011603951867949878,0.01596522921429255
0,0.011608478844201454,0.015971415489720333
0,0.017497797844571127,0.0233151740307216
0,0.011855629901165862,0.016280976835515788
0,0.013782676240893951,0.018717066270096394
0,0.015231643381844302,0.020518649180426878
0,0.04292125236642345,0.05318819612911669
0,0.011667604473561945,0.016044890450309712
0,0.8246673469948949,0.8083183510933696
0,0.01039175118638462,0.014420535308139141
1,0.7828160309575707,0.7670041833098056
0,0.012757871495293456,0.01742204390627042
0,0.020012031448542467,0.026379273692233817
0,0.011431003468819683,0.015744755290211274
0,0.048814759540779316,0.05986761898716417
0,0.011744883685363717,0.016141557018596674
0,0.010991991619233855,0.015187709698308932
0,0.013661090287847776,0.01855591450530745
0,0.022017203093202247,0.028805813955669647
0,0.5682825369189933,0.5630299865056416
0,0.01578216579204861,0.021196396907883983
0,0.014030424659846516,0.019019323695310137
0,0.012108617464044822,0.016606818266759544
0,0.015500542348733838,0.020853194693840876
0,0.012408398609060187,0.016984869167994007
0,0.018059772614585915,0.024000778642374404
0,0.013273575662698186,0.018068156658423096
0,0.020584427850345685,0.027078543759111905
0,0.011365289476871413,0.01566068760581147
0,0.014017263749812945,0.019008981541388987
0,0.013299988492911436,0.018106078740487194
0,0.013281625963152317,0.01808265164436257
0,0.011795203940552184,0.016205706261768406
1,0.37681281299669345,0.385001570063865
0,0.010983297529946671,0.015177486333057965
0,0.016477478243367937,0.022056072375804515
0,0.00952773650370295,0.013311413522261804
1,0.7711676022975068,0.7559220127114906
0,0.011137936884747507,0.015373253344553868
0,0.017622779157091636,0.023462354553533488
0,0.01965955961720635,0.02595342757435029
0,0.017695351166459455,0.023559241104782493
0,0.013473754152086497,0.018323429205736465
0,0.01385862121293832,0.018801686545992975
0,0.01337672400081604,0.018200905847855133
1,0.9929031394694997,0.9899113438584808
0,0.014379681236142573,0.01945538351720864
0,0.010446684903101095,0.01449201081451011
0,0.013873929288874313,0.018823056054980993
0,0.011251788422731421,0.015519949074997527
1,0.7951440467096673,0.7787893972989874
0,0.012028822783870867,0.016504218604494955
0,0.010977021068099101,0.01516549573047954
0,0.012192045451928066,0.016714392507545944
1,0.7891307294455757,0.7731913239755444
0,0.01279490205450495,0.01747001785125426
0,0.012180513452640247,0.016694802669185937
0,0.013909420789478866,0.01886894896136982
1,0.771308710362582,0.7559355421329549
0,0.013300859804593883,0.018108558432397878
