Dataset,Model,Accuracy,Sensitivity,Specificity,Precision,F1-score,ROC-AUC,Runtime,TN,FP,FN,TP,FPR,TPR
Clean Breast Cancer Dataset,Logistic Regression,0.875,1.0,0.6190476190476191,0.84375,0.9149425287356322,0.945054945054945,0.026709849975304678,8,5,0,27,,
Clean Breast Cancer Dataset,Random Forest,0.8999999999999999,1.0,0.7023809523809523,0.8729166666666667,0.9310344827586208,0.9885531135531136,0.20415670002694242,9,4,0,27,,
Clean Breast Cancer Dataset,Classical SVM,0.8999999999999999,0.9615384615384616,0.75,0.9117647058823529,0.9316129032258065,0.9601648351648353,0.013884649990359321,10,3,1,26,,
Clean Breast Cancer Dataset,Quantum SVM,0.7,0.9642857142857143,0.15476190476190477,0.7032163742690059,0.8125,0.5595238095238095,3.381081349973101,2,11,1,26,"0.0,0.8571428571428571,1.0","0.0,1.0,1.0"
Heavy Noise Medical Dataset,Logistic Regression,0.675,0.8131868131868132,0.369047619047619,0.7375565610859729,0.7717121588089331,0.5563186813186813,0.02192489994922653,5,8,5,22,,
Heavy Noise Medical Dataset,Random Forest,0.5,0.5604395604395604,0.369047619047619,0.6477272727272727,0.6,0.5682234432234432,0.1852550999901723,5,8,12,15,,
Heavy Noise Medical Dataset,Classical SVM,0.5,0.7060439560439561,0.07142857142857142,0.6125,0.6551724137931034,0.5,0.018765499989967793,1,12,8,19,,
Heavy Noise Medical Dataset,Quantum SVM,0.625,0.8873626373626373,0.07142857142857142,0.6656346749226006,0.7606060606060605,0.4793956043956044,3.5562106000143103,1,12,3,24,"0.0,0.8571428571428571,1.0","0.0,0.8461538461538461,1.0"
Fever/Acute Inflammation,Logistic Regression,0.7333333333333333,0.5272727272727272,0.8473684210526315,0.6571428571428571,0.5777777777777777,0.8185526315789473,"0.0,0.0,0.0,0.05,0.05,0.1,0.1,0.4,0.4,0.45,0.45,0.5,0.5,0.55,0.55,1.0","0.0,0.1,0.4,0.4,0.5,0.5,0.6,0.6,0.7,0.7,0.8,0.8,0.9,0.9,1.0,1.0",0.01898765002260916,33,6,10,11
Fever/Acute Inflammation,Random Forest,0.6833333333333333,0.42727272727272725,0.8210526315789474,0.5625,0.4853801169590643,0.744090909090909,"0.0,0.0,0.0,0.0,0.25,0.35,0.5,0.5,0.55,0.55,0.65,0.75,0.85,0.95,1.0","0.0,0.1,0.3,0.4,0.4,0.5,0.5,0.6,0.6,0.8,0.8,1.0,1.0,1.0,1.0",0.2022943000192754,32,7,12,9
Fever/Acute Inflammation,Classical SVM,0.7,0.4318181818181818,0.8460526315789474,0.5982142857142857,0.5,0.7776674641148326,"0.0,0.0,0.0,0.3,0.3,0.45,0.45,0.65,0.65,1.0","0.0,0.1,0.5,0.5,0.7,0.7,0.9,0.9,1.0,1.0",0.017533049976918846,33,6,12,9
Fever/Acute Inflammation,Quantum SVM,0.6666666666666666,0.38636363636363635,0.8223684210526316,0.55,0.4375,0.6043660287081339,"0.0,0.25,1.0","0.0,0.5,1.0",8.283932700025616,32,7,13,8
