temperature,nausea,lumbar_pain,urine_pushing,micturition_pain,burning_urethra,inflammation
38.36566049570532,0,1,1,0,1,1
37.620508889187704,0,0,0,1,1,0
38.56101121070245,0,0,0,1,1,0
37.18288454671527,1,1,1,0,0,1
38.49527913391518,1,1,1,0,0,1
39.35476675126507,0,0,0,1,0,0
37.20138835125357,1,0,0,1,0,0
38.08109488338667,1,1,1,1,0,1
37.66982929852798,0,1,0,0,1,0
38.70346679763114,0,0,0,0,0,0
36.469176411994496,0,0,0,0,1,0
38.19024762929206,1,0,1,0,0,0
36.564992425293156,0,0,0,0,1,0
37.88181741858869,0,0,0,0,0,0
38.479729072068125,1,0,1,1,1,1
37.753474930558845,0,1,0,0,0,0
37.28702005316384,1,1,1,0,1,1
37.71277324703237,0,0,0,0,0,0
39.755963469463474,0,0,1,0,0,0
37.73333276348147,1,0,1,0,0,1
38.49729131993119,0,0,0,0,0,0
37.831050936300336,1,1,0,0,0,0
37.935460939018014,1,1,0,1,0,1
37.1297287225571,0,1,1,0,1,1
37.81203452281029,0,1,0,0,0,0
38.20710550126655,1,1,1,0,0,1
37.50688732299952,0,0,1,0,1,0
39.981113518677496,1,0,0,0,1,1
36.926327577253005,1,1,0,0,0,1
38.10870188828209,1,0,0,1,0,0
37.59905187115903,1,1,0,0,1,0
37.606792286765646,0,1,1,0,1,0
38.29099614952547,0,0,0,0,1,0
36.97610797932941,1,0,1,0,0,0
37.215024271918644,0,0,1,1,1,0
36.94776706619889,1,1,0,0,0,0
40.20429623398557,0,0,0,0,1,0
37.70566658486947,1,0,0,0,0,0
37.68033501198926,0,0,0,1,0,0
38.06378641709344,1,1,0,0,0,1
39.88802588297029,0,0,0,0,0,0
38.315299070176565,1,0,1,1,1,1
38.31646064522782,0,1,0,0,0,1
35.5,0,0,0,0,0,0
40.07282025699702,0,0,0,0,1,0
39.56005351363875,1,0,0,0,1,1
38.99358581215647,0,0,0,1,0,0
37.77121873099381,0,0,1,0,1,0
36.59359136888622,1,0,1,1,1,1
36.54012782074265,0,0,0,0,0,0
38.365240074836315,1,1,0,0,1,1
36.10208672065527,0,1,0,1,1,1
38.2794536241646,1,0,0,0,0,0
39.199789096292356,0,0,1,0,1,1
39.013262228582384,0,1,1,1,0,1
37.75380597336075,0,0,1,0,0,0
36.49802334307263,0,0,0,1,1,0
35.5,1,0,1,0,1,0
38.16588971847042,0,1,0,0,0,0
38.984634170500904,1,1,0,0,0,0
36.44423320631029,0,1,0,1,1,1
39.307060996052954,1,0,0,0,0,1
38.11055199012093,1,0,1,0,0,0
40.06492379739918,0,0,1,0,1,0
39.11395638988218,0,0,1,0,1,0
38.394394402738975,0,1,0,0,1,0
39.33751093349285,0,0,0,0,0,0
38.19222871198049,0,0,1,1,0,0
36.092519008029235,0,0,0,0,0,0
36.84549066039005,0,1,1,1,0,0
39.27662183928123,0,0,0,0,1,0
38.696932514395755,0,0,1,0,1,1
39.30234440533509,0,0,0,0,0,0
37.59727115825763,1,1,0,0,1,0
35.5,1,1,1,0,1,0
37.643211964762834,0,0,0,0,0,0
39.077378490092656,1,0,1,1,0,1
37.46895714572938,0,1,0,0,0,0
37.461722950365974,0,0,0,0,0,0
37.056121069875,0,1,1,1,1,1
38.24406588874393,0,0,0,1,0,0
40.44208796327728,0,1,0,1,0,1
37.915183542017516,1,0,0,0,0,0
37.21650062640234,0,0,0,0,0,0
38.227812071404934,1,0,0,1,1,0
36.6123828076816,1,1,0,1,0,0
38.28253804197192,1,1,0,1,1,1
36.01788902218488,0,1,0,1,0,0
38.61849248348097,1,0,0,1,1,1
38.53771923672345,0,0,0,1,1,1
37.03208131483115,1,1,0,0,1,0
38.03852920876512,0,1,0,0,1,1
36.75129673698508,1,0,1,0,0,0
37.656532460191194,1,0,0,0,1,0
40.46322197833507,0,0,0,0,1,0
35.923194073391336,0,1,0,0,0,0
38.70471100016335,0,0,1,0,0,0
37.97892460822707,0,0,1,0,0,0
37.372737564596385,1,0,1,0,0,0
38.419220747072515,1,0,0,1,1,1
38.750102241497785,1,1,1,1,1,1
38.94896206541479,0,1,1,0,0,1
35.5,0,0,0,0,0,0
39.335559069992314,0,0,0,0,1,0
38.67025875112907,0,0,0,0,1,0
37.747171982764215,0,0,0,1,1,0
39.35362262881916,0,0,1,0,0,0
36.63180689704852,0,1,0,0,0,0
38.189742901886135,0,0,0,1,0,0
36.77525237658399,1,0,1,1,0,0
36.92824325409816,0,1,0,1,1,1
36.89497952262904,0,1,1,0,0,0
38.76428754004665,0,0,0,0,1,1
40.07479440906285,0,1,0,0,0,0
38.476389565398605,0,1,0,0,1,1
38.01373452690976,1,1,0,1,0,1
36.49962135329223,0,1,1,0,0,1
39.231004211462285,0,0,0,0,1,1
39.3199755804105,1,1,0,0,0,1
38.30346177796388,0,0,1,0,1,0
